{"cameraMode":{"drawMode":0,"name":"Shaded","section":"Shading Mode"},"sceneLighting":true,"audioPlay":false,"sceneViewState":{"showFog":false,"showMaterialUpdate":false,"showSkybox":false,"showFlares":false,"showImageEffects":false,"showParticleSystems":false},"in2DMode":false,"pivot":{"x":0.942309558391571,"y":1.3128533363342286,"z":2.6460280418395998},"rotation":{"x":-0.025008661672472955,"y":0.9748700857162476,"z":-0.16414330899715424,"w":-0.1485336869955063},"size":0.40796172618865969,"orthographic":false}