{"cameraMode":{"drawMode":0,"name":"Shaded","section":"Shading Mode"},"sceneLighting":true,"audioPlay":false,"sceneViewState":{"showFog":false,"showMaterialUpdate":false,"showSkybox":false,"showFlares":false,"showImageEffects":false,"showParticleSystems":false},"in2DMode":false,"pivot":{"x":1.2401890754699708,"y":2.2569501399993898,"z":-14.394537925720215},"rotation":{"x":-0.15871596336364747,"y":0.7023733258247376,"z":-0.16542711853981019,"w":-0.6738826036453247},"size":11.57793140411377,"orthographic":false}