{"cameraMode":{"drawMode":0,"name":"Shaded","section":"Shading Mode"},"sceneLighting":true,"audioPlay":false,"sceneViewState":{"showFog":false,"showMaterialUpdate":false,"showSkybox":false,"showFlares":false,"showImageEffects":false,"showParticleSystems":false},"in2DMode":false,"pivot":{"x":1.2550252676010132,"y":2.883171796798706,"z":-17.469348907470704},"rotation":{"x":-0.14171476662158967,"y":0.7335131764411926,"z":-0.16118840873241425,"w":-0.6448994874954224},"size":11.57793140411377,"orthographic":false}