{"cameraMode":{"drawMode":0,"name":"Shaded","section":"Shading Mode"},"sceneLighting":true,"audioPlay":false,"sceneViewState":{"showFog":false,"showMaterialUpdate":false,"showSkybox":false,"showFlares":false,"showImageEffects":false,"showParticleSystems":false},"in2DMode":false,"pivot":{"x":-1.6025937795639039,"y":-7.370755195617676,"z":-3.882817268371582},"rotation":{"x":0.012824058532714844,"y":0.9485071897506714,"z":-0.3141249418258667,"w":0.03872083127498627},"size":10.0,"orthographic":false}